{"stats":{"minecraft:dropped":{"minecraft:wooden_pickaxe":1},"minecraft:crafted":{"minecraft:furnace":1,"minecraft:stone_shovel":1,"regions_unexplored:maple_boat":1,"minecraft:stone_axe":1,"minecraft:stick":8,"regions_unexplored:maple_planks":20,"minecraft:wooden_pickaxe":1,"minecraft:stone_pickaxe":1},"minecraft:custom":{"minecraft:time_since_rest":10915,"minecraft:crouch_one_cm":2907,"minecraft:play_time":10915,"minecraft:sprint_one_cm":45084,"minecraft:damage_taken":94,"minecraft:walk_one_cm":14481,"minecraft:sneak_time":939,"minecraft:walk_under_water_one_cm":234,"minecraft:boat_one_cm":25223,"minecraft:drop":1,"minecraft:jump":105,"minecraft:damage_dealt":48,"minecraft:walk_on_water_one_cm":575,"minecraft:time_since_death":10915,"minecraft:damage_resisted":0,"minecraft:total_world_time":10915,"minecraft:hex":0,"minecraft:swim_one_cm":3204,"minecraft:interact_with_crafting_table":4,"minecraft:fall_one_cm":1372,"minecraft:fly_one_cm":21808},"minecraft:used":{"minecraft:stone_axe":16,"minecraft:stone_sword":3,"minecraft:crafting_table":2,"minecraft:bread":2,"minecraft:wooden_pickaxe":15,"regions_unexplored:maple_boat":1},"minecraft:picked_up":{"minecraft:stick":4,"minecraft:crafting_table":3,"regions_unexplored:maple_log":9,"regions_unexplored:red_maple_sapling":4,"twigs:twig":7,"minecraft:cobblestone":15},"minecraft:mined":{"regions_unexplored:maple_log":2,"minecraft:stone":15,"treechop:chopped_log":1,"minecraft:crafting_table":3}},"DataVersion":3465}