{"stats":{"minecraft:mined":{"minecraft:brewing_stand":1,"regions_unexplored:stone_bud":4,"minecraft:mossy_cobblestone_stairs":1,"minecraft:iron_ore":1,"ae2:damaged_budding_quartz":1,"minecraft:andesite":1,"minecraft:pumpkin":3,"treechop:chopped_log":6,"ae2:mysterious_cube":1,"minecraft:bookshelf":9,"regions_unexplored:maple_leaf_pile":11,"regions_unexplored:medium_grass":40,"minecraft:bamboo":1,"regions_unexplored:orange_maple_leaf_pile":9,"ae2:sky_stone_block":4,"minecraft:stone":46,"graveyard:middle_bone_staff":1,"regions_unexplored:silver_birch_leaf_pile":5,"minecraft:smoker":2,"minecraft:dandelion":1,"minecraft:crafting_table":2,"minecraft:calcite":1,"regions_unexplored:silt_dirt":1,"minecraft:chest":1,"minecraft:copper_ore":3,"minecraft:cobblestone":2,"minecraft:grindstone":3,"minecraft:coarse_dirt":2,"minecraft:wheat":2,"minecraft:light_gray_wool":10,"regions_unexplored:red_maple_leaf_pile":1,"minecraft:stone_brick_stairs":1,"minecraft:grass":34,"ae2:quartz_block":1,"minecraft:coal_ore":92,"minecraft:gravel":5,"minecraft:dirt":12,"minecraft:dispenser":1,"minecraft:stone_bricks":2,"minecraft:netherrack":1,"minecraft:suspicious_gravel":1},"minecraft:killed_by":{"minecraft:creeper":1},"minecraft:picked_up":{"minecraft:charcoal":3,"minecraft:crafting_table":2,"minecraft:coarse_dirt":1,"minecraft:wheat":110,"minecraft:chicken":1,"regions_unexplored:silt_dirt":26,"ae2:silicon_press":1,"minecraft:brewing_stand":1,"regions_unexplored:red_maple_leaf_pile":4,"minecraft:raw_copper":10,"regions_unexplored:orange_maple_sapling":1,"graveyard:corruption":1,"promenade:sakura_log":10,"minecraft:beef":17,"regions_unexplored:maple_leaf_pile":29,"minecraft:light_gray_wool":17,"minecraft:chest":1,"minecraft:stick":3,"minecraft:raw_iron":1,"regions_unexplored:silver_birch_leaf_pile":10,"minecraft:porkchop":3,"ae2:sky_stone_block":4,"minecraft:arrow":1,"minecraft:rotten_flesh":3,"ae2:calculation_processor_press":1,"minecraft:mutton":5,"twigs:tangerine_seashell":1,"minecraft:white_wool":3,"minecraft:cobblestone":55,"minecraft:feather":3,"minecraft:tripwire_hook":2,"minecraft:andesite":1,"minecraft:leather":10,"minecraft:smoker":2,"promenade:cotton_sakura_sapling":2,"minecraft:flint":2,"minecraft:bone":2,"minecraft:stone_bricks":1,"minecraft:wheat_seeds":220,"minecraft:stone_pickaxe":1,"bewitchment:mandrake_seeds":1,"minecraft:grindstone":3,"ae2:logic_processor_press":1,"minecraft:bamboo":13,"twigs:twig":10,"regions_unexplored:orange_maple_leaf_pile":17,"regions_unexplored:silver_birch_sapling":17,"minecraft:book":27,"minecraft:birch_boat":1,"minecraft:pumpkin":3,"minecraft:dandelion":1,"graveyard:middle_bone_staff":1,"ae2:quartz_block":2,"minecraft:mossy_cobblestone":1,"regions_unexplored:silver_birch_log":47,"regions_unexplored:maple_log":1,"minecraft:golden_apple":1,"minecraft:gray_wool":1,"ae2:engineering_processor_press":1,"minecraft:netherrack":1,"minecraft:coal":94},"minecraft:crafted":{"minecraft:stone_shovel":1,"comforts:sleeping_bag_white":1,"minecraft:birch_boat":1,"promenade:sakura_planks":4,"minecraft:stone_pickaxe":2,"minecraft:chest":1,"minecraft:crafting_table":4,"travelersbackpack:standard":1,"minecraft:birch_planks":48,"minecraft:stone_axe":2,"comforts:sleeping_bag_light_gray":1,"minecraft:bread":36,"minecraft:stick":20,"minecraft:iron_pickaxe":1},"minecraft:dropped":{"minecraft:wheat_seeds":109,"minecraft:cobblestone":6,"regions_unexplored:silver_birch_sapling":17,"simplyswords:gold_greataxe":1,"minecraft:flint":2,"rogues:golden_sickle":1,"regions_unexplored:orange_maple_sapling":1,"paladins:golden_great_hammer":1,"minecraft:tripwire_hook":1,"minecraft:stone_axe":1,"minecraft:coarse_dirt":1,"minecraft:stone_sword":1,"minecraft:light_gray_wool":7,"bewitchment:mandrake_seeds":1,"regions_unexplored:maple_leaf_pile":29,"minecraft:andesite":1,"comforts:sleeping_bag_white":1,"minecraft:stone_pickaxe":3,"regions_unexplored:orange_maple_leaf_pile":3,"regions_unexplored:silt_dirt":13,"minecraft:netherrack":1},"minecraft:used":{"minecraft:stone_sword":83,"minecraft:stone_shovel":20,"minecraft:chest":1,"minecraft:shield":13,"ae2:sky_stone_block":4,"minecraft:iron_helmet":1,"twigs:tangerine_seashell":1,"minecraft:stone_bricks":1,"minecraft:golden_sword":27,"rogues:golden_sickle":2,"simplyswords:iron_spear":19,"minecraft:wheat_seeds":3,"simplyswords:gold_greataxe":8,"minecraft:birch_planks":14,"minecraft:stone_pickaxe":80,"minecraft:birch_boat":1,"minecraft:golden_apple":2,"minecraft:crafting_table":4,"minecraft:bread":20,"minecraft:iron_pickaxe":89,"minecraft:golden_helmet":1,"minecraft:stone_axe":58,"minecraft:cobblestone":26,"travelersbackpack:standard":4,"paladins:golden_great_hammer":18,"minecraft:grindstone":1},"minecraft:custom":{"lootr:looted_stat":27,"minecraft:mob_kills":28,"minecraft:interact_with_crafting_table":20,"minecraft:damage_dealt_resisted":0,"minecraft:leave_game":2,"minecraft:time_since_death":74855,"minecraft:damage_resisted":0,"minecraft:sprint_one_cm":224921,"minecraft:walk_one_cm":191345,"minecraft:damage_blocked_by_shield":1058,"minecraft:drop":34,"minecraft:play_time":91602,"minecraft:deaths":1,"minecraft:sneak_time":977,"minecraft:walk_under_water_one_cm":565,"minecraft:boat_one_cm":104774,"minecraft:jump":1303,"minecraft:interact_with_brewingstand":1,"minecraft:walk_on_water_one_cm":1873,"minecraft:total_world_time":91602,"minecraft:tune_noteblock":1,"minecraft:sleep_in_bed":6,"minecraft:hex":0,"minecraft:time_since_rest":626,"minecraft:damage_taken":1506,"minecraft:damage_absorbed":40,"minecraft:damage_dealt":3662,"minecraft:swim_one_cm":6995,"minecraft:fly_one_cm":263043,"minecraft:crouch_one_cm":1523,"minecraft:interact_with_smoker":2,"minecraft:fall_one_cm":39617},"minecraft:killed":{"graveyard:revenant":2,"minecraft:skeleton":1,"minecraft:chicken":1,"mythicmobs:chupacabra":1,"mythicmobs:mushroom_thing":1,"minecraft:pig":1,"naturalist:butterfly":1,"minecraft:sheep":4,"bewitchment:owl":1,"minecraft:zombie":5,"friendsandfoes:moobloom":4,"minecraft:cow":4},"minecraft:broken":{"minecraft:golden_sword":1}},"DataVersion":3465}