{"stats":{"minecraft:broken":{"indrev:copper_sword":1},"minecraft:killed":{"graveyard:revenant":1,"minecraft:spider":4,"minecells:undead_archer":3,"bewitchment:ghost":2,"minecraft:skeleton":1,"minecraft:sheep":1,"naturalist:deer":1,"minecraft:zombie":6,"friendsandfoes:moobloom":11,"minecells:shieldbearer":4,"minecells:leaping_zombie":4,"minecells:grenadier":2},"minecraft:crafted":{"minecraft:stone_shovel":1,"minecraft:crafting_table":2,"regions_unexplored:maple_planks":52,"minecraft:wooden_pickaxe":1,"travelersbackpack:standard":1,"indrev:copper_pickaxe":2,"minecraft:furnace":1,"minecraft:copper_ingot":21,"minecraft:birch_planks":44,"minecraft:stone_axe":1,"minecraft:air":0,"indrev:copper_axe":2,"minecraft:stick":30,"minecraft:stone_pickaxe":1,"minecraft:chest":1,"indrev:copper_sword":1},"minecraft:dropped":{"minecraft:brown_mushroom":3,"betternether:blue_obsidian":1,"twigs:roseate_seashell":1,"minecraft:golden_pickaxe":1,"minecraft:cobblestone":11,"minecraft:rotten_flesh":4,"regions_unexplored:maple_sapling":1,"regions_unexplored:maple_planks":32,"twigs:pebble":6,"twigs:tangerine_seashell":2,"regions_unexplored:red_maple_sapling":4,"minecraft:spider_eye":1,"twigs:bronzed_seashell":1,"regions_unexplored:golden_larch_sapling":2,"minecraft:arrow":1,"minecraft:stone_pickaxe":2,"regions_unexplored:silt_dirt":4,"twigs:twig":1},"minecraft:killed_by":{"minecraft:skeleton":1,"graveyard:revenant":1},"minecraft:custom":{"minecraft:interact_with_furnace":6,"lootr:looted_stat":39,"minecraft:mob_kills":42,"minecraft:interact_with_crafting_table":10,"minecraft:bell_ring":4,"minecraft:interact_with_grindstone":1,"minecraft:eat_cake_slice":1,"minecraft:damage_dealt_resisted":0,"minecraft:leave_game":1,"minecraft:time_since_death":80717,"minecraft:sleep_in_bed":3,"minecraft:hex":0,"minecraft:climb_one_cm":318,"minecraft:damage_resisted":0,"minecraft:time_since_rest":12072,"minecraft:sprint_one_cm":312913,"minecraft:damage_taken":3104,"minecraft:walk_one_cm":288890,"minecraft:damage_blocked_by_shield":1900,"minecraft:drop":23,"minecraft:damage_dealt":6950,"minecraft:swim_one_cm":50791,"minecraft:fly_one_cm":314001,"minecraft:crouch_one_cm":13134,"minecraft:play_time":139771,"minecraft:sneak_time":3941,"minecraft:deaths":2,"minecraft:walk_under_water_one_cm":2695,"minecraft:jump":1713,"minecraft:interact_with_brewingstand":1,"minecraft:walk_on_water_one_cm":4550,"minecraft:total_world_time":139771,"minecraft:fall_one_cm":54159},"minecraft:picked_up":{"naturalist:venison":1,"twigs:roseate_seashell":1,"minecraft:leather":12,"minecraft:brown_mushroom":3,"regions_unexplored:silt_dirt":13,"regions_unexplored:maple_planks":32,"regions_unexplored:red_maple_sapling":4,"regions_unexplored:red_maple_leaf_pile":3,"minecraft:gunpowder":1,"minecraft:string":3,"minecraft:dirt":1,"minecraft:raw_copper":21,"minecraft:bone":5,"minecraft:apple":1,"twigs:pebble":6,"minecraft:wheat_seeds":3,"comforts:sleeping_bag_white":2,"minecraft:stone_pickaxe":1,"minecraft:grindstone":1,"minecraft:beef":22,"twigs:twig":8,"minecraft:book":27,"regions_unexplored:silver_birch_sapling":1,"minecells:guts":1,"minecraft:stick":1,"minecraft:raw_iron":18,"regions_unexplored:silver_birch_leaf_pile":2,"minecells:monster_cell":7,"minecraft:spruce_stairs":1,"minecells:infected_flesh":4,"minecraft:gravel":2,"minecraft:porkchop":2,"twigs:bronzed_seashell":1,"minecraft:spider_eye":2,"graveyard:middle_bone_staff":1,"travelersbackpack:standard":1,"minecraft:arrow":2,"minecraft:rotten_flesh":10,"naturalist:antler":1,"regions_unexplored:maple_sapling":2,"minecells:explosive_bulb":1,"minecraft:stone_axe":1,"regions_unexplored:silver_birch_log":11,"regions_unexplored:maple_log":13,"minecraft:gray_wool":1,"minecraft:emerald":1,"twigs:tangerine_seashell":2,"minecraft:mutton":2,"minecraft:coal":63,"regions_unexplored:golden_larch_sapling":2,"minecraft:cobblestone":61},"minecraft:used":{"regions_unexplored:silt_dirt":9,"minecraft:leather_leggings":1,"minecraft:stone_sword":31,"minecraft:stone_pickaxe":26,"minecraft:wooden_pickaxe":32,"minecraft:shield":40,"minecraft:dirt":1,"indrev:copper_sword":255,"indrev:copper_axe":29,"minecraft:spruce_stairs":1,"minecraft:crafting_table":2,"minecraft:spider_eye":1,"regions_unexplored:silver_birch_sapling":1,"minecraft:apple":3,"minecraft:bread":27,"indrev:copper_pickaxe":95,"minecraft:gravel":2,"minecraft:cobblestone":23,"minecraft:gunpowder":1,"minecraft:stone_axe":10,"graveyard:middle_bone_staff":1,"travelersbackpack:standard":2,"minecraft:grindstone":1,"minecraft:furnace":1,"comforts:sleeping_bag_white":1,"minecraft:gray_wool":1,"regions_unexplored:red_maple_leaf_pile":3,"minecraft:golden_pickaxe":27},"minecraft:mined":{"graveyard:middle_bone_staff":1,"travelersbackpack:standard":1,"minecraft:cyan_stained_glass_pane":4,"twigs:roseate_seashell":1,"minecraft:emerald_ore":1,"minecraft:grass_block":1,"regions_unexplored:silt_dirt":4,"minecraft:copper_ore":6,"minecraft:cobblestone":1,"minecraft:grindstone":1,"techreborn:tin_ore":5,"minecraft:spruce_stairs":1,"minecraft:iron_ore":18,"twigs:tangerine_seashell":1,"twigs:bronzed_seashell":1,"treechop:chopped_log":2,"minecells:crate":3,"regions_unexplored:silver_birch_leaves":1,"regions_unexplored:red_maple_leaf_pile":1,"regions_unexplored:pine_leaves":1,"minecraft:grass":3,"minecraft:bookshelf":9,"minecraft:coal_ore":63,"minecraft:gravel":2,"minecraft:stone":60,"regions_unexplored:silt_grass_block":5}},"DataVersion":3465}