{"stats":{"minecraft:killed":{"graveyard:revenant":1,"minecells:undead_archer":3,"minecraft:sheep":1,"minecraft:skeleton":1,"naturalist:deer":1,"minecraft:zombie":2,"friendsandfoes:moobloom":11,"minecells:leaping_zombie":2,"minecells:shieldbearer":3,"minecells:grenadier":2},"minecraft:crafted":{"minecraft:stone_shovel":1,"minecraft:crafting_table":2,"regions_unexplored:maple_planks":52,"minecraft:wooden_pickaxe":1,"travelersbackpack:standard":1,"indrev:copper_pickaxe":2,"minecraft:furnace":1,"minecraft:copper_ingot":21,"minecraft:birch_planks":44,"minecraft:stone_axe":1,"minecraft:air":0,"indrev:copper_axe":2,"minecraft:stick":30,"minecraft:stone_pickaxe":1,"minecraft:chest":1,"indrev:copper_sword":1},"minecraft:dropped":{"minecraft:brown_mushroom":3,"betternether:blue_obsidian":1,"minecraft:golden_pickaxe":1,"minecraft:cobblestone":11,"minecraft:rotten_flesh":4,"regions_unexplored:maple_sapling":1,"regions_unexplored:maple_planks":32,"regions_unexplored:red_maple_sapling":4,"regions_unexplored:golden_larch_sapling":2,"minecraft:arrow":1,"minecraft:stone_pickaxe":2,"regions_unexplored:silt_dirt":4,"twigs:twig":1},"minecraft:killed_by":{"minecraft:skeleton":1,"graveyard:revenant":1},"minecraft:custom":{"minecraft:interact_with_furnace":6,"lootr:looted_stat":36,"minecraft:mob_kills":29,"minecraft:interact_with_crafting_table":10,"minecraft:bell_ring":4,"minecraft:interact_with_grindstone":1,"minecraft:eat_cake_slice":1,"minecraft:damage_dealt_resisted":0,"minecraft:time_since_death":58145,"minecraft:sleep_in_bed":2,"minecraft:climb_one_cm":318,"minecraft:damage_resisted":0,"minecraft:hex":0,"minecraft:time_since_rest":24925,"minecraft:sprint_one_cm":243273,"minecraft:damage_taken":2250,"minecraft:walk_one_cm":234442,"minecraft:damage_blocked_by_shield":1900,"minecraft:drop":16,"minecraft:damage_dealt":4577,"minecraft:swim_one_cm":3648,"minecraft:fly_one_cm":242919,"minecraft:crouch_one_cm":5828,"minecraft:play_time":117199,"minecraft:deaths":2,"minecraft:sneak_time":2190,"minecraft:walk_under_water_one_cm":564,"minecraft:jump":1296,"minecraft:interact_with_brewingstand":1,"minecraft:walk_on_water_one_cm":752,"minecraft:total_world_time":117199,"minecraft:fall_one_cm":40748},"minecraft:picked_up":{"naturalist:venison":1,"minecraft:leather":12,"minecraft:brown_mushroom":3,"regions_unexplored:silt_dirt":13,"regions_unexplored:maple_planks":32,"regions_unexplored:red_maple_sapling":4,"regions_unexplored:red_maple_leaf_pile":3,"minecraft:gunpowder":1,"minecraft:dirt":1,"minecraft:raw_copper":21,"minecraft:bone":5,"minecraft:apple":1,"minecraft:grindstone":1,"minecraft:wheat_seeds":3,"comforts:sleeping_bag_white":2,"minecraft:beef":22,"minecraft:stone_pickaxe":1,"twigs:twig":8,"minecells:guts":1,"minecraft:book":27,"regions_unexplored:silver_birch_sapling":1,"minecraft:raw_iron":17,"minecraft:stick":1,"regions_unexplored:silver_birch_leaf_pile":2,"minecells:monster_cell":5,"minecells:infected_flesh":2,"minecraft:spruce_stairs":1,"minecraft:porkchop":2,"graveyard:middle_bone_staff":1,"minecells:explosive_bulb":1,"minecraft:arrow":2,"minecraft:rotten_flesh":6,"naturalist:antler":1,"regions_unexplored:maple_sapling":2,"minecraft:stone_axe":1,"regions_unexplored:silver_birch_log":11,"regions_unexplored:maple_log":13,"minecraft:gray_wool":1,"minecraft:emerald":1,"minecraft:mutton":2,"minecraft:coal":41,"regions_unexplored:golden_larch_sapling":2,"minecraft:cobblestone":37},"minecraft:used":{"regions_unexplored:silt_dirt":9,"minecraft:leather_leggings":1,"minecraft:stone_sword":31,"minecraft:stone_pickaxe":26,"minecraft:wooden_pickaxe":32,"minecraft:shield":40,"minecraft:dirt":1,"minecraft:crafting_table":2,"minecraft:spruce_stairs":1,"indrev:copper_sword":172,"indrev:copper_axe":29,"regions_unexplored:silver_birch_sapling":1,"minecraft:apple":3,"minecraft:bread":18,"indrev:copper_pickaxe":43,"minecraft:gunpowder":1,"minecraft:stone_axe":10,"graveyard:middle_bone_staff":1,"minecraft:cobblestone":3,"minecraft:grindstone":1,"minecraft:furnace":1,"comforts:sleeping_bag_white":1,"minecraft:gray_wool":1,"regions_unexplored:red_maple_leaf_pile":3,"minecraft:golden_pickaxe":27},"minecraft:mined":{"graveyard:middle_bone_staff":1,"minecraft:cyan_stained_glass_pane":4,"minecraft:emerald_ore":1,"minecraft:grass_block":1,"regions_unexplored:silt_dirt":4,"minecraft:cobblestone":1,"minecraft:copper_ore":6,"minecraft:grindstone":1,"minecraft:spruce_stairs":1,"minecraft:iron_ore":17,"minecells:crate":3,"treechop:chopped_log":2,"regions_unexplored:red_maple_leaf_pile":1,"regions_unexplored:silver_birch_leaves":1,"minecraft:grass":3,"minecraft:bookshelf":9,"minecraft:coal_ore":41,"minecraft:stone":36,"regions_unexplored:silt_grass_block":5}},"DataVersion":3465}